ds,y,yhat
2014-01-03,2.859225028899328,5.979020126839864
2014-01-04,5.666634279020696,5.749519754940274
2014-01-05,3.0221794435688394,5.812811686554934
2014-01-06,8.391199036600835,6.039161618714104
2014-01-07,4.479130659121864,5.3699307258910425
2014-01-09,3.726753106542018,5.471562779505178
2014-01-10,4.022311359322269,5.668499983627908
2014-01-11,2.392425796993835,5.507461742087431
2014-01-13,8.17605267531444,5.740614982533275
2014-01-14,4.1424996041091475,5.1037926201130785
2014-01-15,5.016948656152848,4.027474715503946
2014-01-16,5.706990656267163,5.519438981536991
2014-01-18,4.187592009996125,5.775669579530373
2014-01-19,5.939102260499158,5.8263441223597034
2014-01-20,7.891656060018338,6.005053539925712
2014-01-21,3.2675897956588007,5.3583550118828605
2014-01-23,3.8505730431119236,5.648201456877102
2014-01-26,7.001473282855889,5.8171900876954945
2014-01-27,6.05835187014942,6.201982844805881
2014-01-28,1.5949332262312186,5.812822958849881
2014-01-30,5.486869473092628,6.258307340259223
2014-01-31,5.6756093119726065,6.30226311631004
2014-02-01,6.15251990610877,5.888018896964199
2014-02-02,5.359628811271141,5.777210865392053
2014-02-03,4.586109683249349,6.00187230519024
2014-02-04,4.9081151851057845,5.494057843234751
2014-02-06,5.803664008065768,5.764683751981124
2014-02-07,5.200263426072649,5.799246717440689
2014-02-08,2.7447035187502458,5.44655578407557
2014-02-11,7.622859626894124,5.099997947206692
2014-02-12,4.871894163848395,3.9380830165222376
2014-02-14,6.359099707832986,5.2348257748185345
2014-02-15,3.1072736482868986,5.003060951924846
2014-02-16,2.306577114263583,5.1182485199253716
2014-02-17,4.011107870318301,5.464617571392057
2014-02-18,3.6580077904468493,4.921990672119788
2014-02-20,4.570475216191205,5.017037065343829
2014-02-21,2.2874714551839976,5.100434548899402
2014-02-22,3.017493765335504,4.861767201923522
2014-02-23,2.51478902426987,4.9294786470226555
2014-02-24,4.037280261600423,5.242506157439335
2014-02-27,3.0182762379888857,5.455484294729886
2014-03-01,7.6980976797227125,5.8261392807014225
2014-03-02,5.315095817786855,5.896108880611379
2014-03-03,7.205554995022203,6.084338114650839
2014-03-04,5.917419649888071,5.468576817825903
2014-03-05,6.560410954820557,4.4447112153385815
2014-03-07,7.353762022313561,6.371876102283329
2014-03-10,6.610636823583334,6.596361540957411
2014-03-11,6.82362773973232,6.072045750174325
2014-03-14,7.654229933582622,6.854293991052126
2014-03-15,5.918307660990054,6.606741917796542
2014-03-16,6.158926240994913,6.574115989142802
2014-03-17,8.284342174754645,6.815934799660201
2014-03-18,10.243799408376029,6.34247688467356
2014-03-19,6.383104527022447,5.399514154763275
2014-03-21,8.321376827929779,6.993853075716597
2014-03-22,6.142237385590023,6.636494838716237
2014-03-23,6.852310220040454,6.508647254301225
2014-03-24,4.195395806291828,6.645305701327586
2014-03-25,6.131543830429524,6.02764883273619
2014-03-26,4.984496636486561,4.924202054530972
2014-03-28,7.509227862988819,6.485362329829869
2014-03-29,6.7932878655703135,6.350158885162042
2014-03-30,7.065888304448744,6.512033767152618
2014-03-31,7.580981345226593,6.863929970551416
2014-04-01,4.794864497111459,6.29371307584005
2014-04-02,7.285888929141433,5.0827788791570825
2014-04-03,5.457242345535596,6.279115622031201
2014-04-04,6.167189393372624,6.339101488580417
2014-04-05,8.57472560197736,6.13414748948616
2014-04-06,7.40955428514049,6.268990742961331
2014-04-07,6.9296830974394075,6.609282527153568
2014-04-08,7.580572193068831,6.052327767588644
2014-04-11,7.558120211646641,6.444911378524881
2014-04-12,7.556492264289134,6.316739902778984
2014-04-13,6.4608054568036195,6.421969862430214
2014-04-15,5.689413060688899,6.033790206402358
2014-04-16,3.6906778360553156,4.908198744646263
2014-04-18,6.929058740247679,6.637590608593056
2014-04-19,5.330155123396788,6.547736051847785
2014-04-20,7.132058158016194,6.614871901867377
2014-04-21,6.740944801008088,6.783665047978374
2014-04-22,5.555870074018306,6.080919281958886
2014-04-23,5.896076364261499,4.883558156408754
2014-04-25,7.775273326534086,6.356399770251917
2014-04-26,5.647451953312784,6.130562112593318
2014-04-28,7.855341556512714,6.479368816737819
2014-04-29,6.646187896919506,6.037746124960306
2014-04-30,6.9562977934412915,5.0945805712834105
2014-05-02,6.228747661975911,6.629156244164786
2014-05-03,4.299079713852955,6.23159081956831
2014-05-04,5.238737199099193,6.0916623838491955
2014-05-05,5.568256713648116,6.278956126284678
2014-05-06,5.5430501834633885,5.777169330845794
2014-05-07,6.996086617772102,4.802415400395644
2014-05-08,7.496080687624671,6.225283098158507
2014-05-09,5.980100217028932,6.3548260134900705
2014-05-10,7.759954962920986,6.058544578502868
2014-05-11,7.404767130406688,6.067193782961402
2014-05-12,6.601020857704881,6.378474248847126
2014-05-13,6.801707860794109,5.909136634658667
2014-05-14,5.7426184984413995,4.873866709963499
2014-05-16,5.670845974409936,6.328723153464893
2014-05-17,4.529152699564175,6.114087600463375
2014-05-18,6.856407246254366,6.25386703850672
2014-05-19,4.528505101052606,6.664315936276136
2014-05-20,5.771765058196327,6.216051715711027
2014-05-21,8.35827436200977,5.141198030489749
2014-05-22,5.203621997708712,6.4287660198412615
2014-05-23,5.783080289581392,6.495061067619294
2014-05-24,4.764564238138341,6.213622500566336
2014-05-25,4.791981648054898,6.237907287539784
2014-05-26,7.190463502329138,6.506839587462552
2014-05-27,7.677119705612712,5.974801625331221
2014-05-28,5.407028263405483,4.960183163285629
2014-05-30,7.563155419998251,6.801624409119542
2014-05-31,6.652475857637857,6.712686032734291
2014-06-01,8.554396486333749,6.7560536226631775
2014-06-02,6.606106795344901,6.884726732290026
2014-06-03,6.609801970859411,6.147751292418119
2014-06-04,6.125278399836893,4.9592567736508215
2014-06-06,7.226209737373135,6.627433257501715
2014-06-07,5.6433138823331985,6.490662036328177
2014-06-08,7.824951201048008,6.51378643957813
2014-06-09,8.605937865378397,6.683051048658056
2014-06-10,6.199595978301688,6.053416154933204
2014-06-13,2.7421295147550726,6.67796211507234
2014-06-14,5.3656956018779844,6.439522901910914
2014-06-15,6.850098623393321,6.38856266788214
2014-06-16,6.639603901431437,6.5779853462152555
2014-06-17,8.13725020541881,6.0526952298862495
2014-06-18,4.947340443723942,5.1025822364733795
2014-06-20,7.5120437044726005,6.827933910400409
2014-06-21,8.320799403598478,6.535225707044513
2014-06-22,7.589081870846524,6.433951185295856
2014-06-23,4.704979321207582,6.572349763469025
2014-06-24,1.662409797200206,5.9601706408216355
2014-06-25,6.676781148552739,4.878322817781489
2014-06-27,6.4250959025424965,6.47007769019284
2014-06-28,7.406583824736293,6.326478134508833
2014-06-29,3.8645120227570944,6.492586036878263
2014-06-30,6.6074930741116145,6.887772088074686
2014-07-01,6.400297311623783,6.393635576744199
2014-07-02,4.389002248410307,5.249723184409831
2014-07-04,5.515072555659881,6.4701580483058985
2014-07-05,7.275936570274989,6.192199302637665
2014-07-06,6.94646817090835,6.2825967366491104
2014-07-07,5.489739057897192,6.629210741366847
2014-07-08,6.638664643114769,6.103865710847555
2014-07-09,5.5854530397509325,4.973208363876606
2014-07-11,7.69083730901864,6.409452570421998
2014-07-12,7.581215945504497,6.240557348253259
2014-07-13,5.864244623763926,6.350542577653798
2014-07-14,5.682197860564241,6.626234449031474
2014-07-15,2.3523271848888596,6.011372834118873
2014-07-18,5.613274081134699,6.508930678899781
2014-07-19,6.136270269949188,6.443335470808269
2014-07-20,7.73490261727907,6.581114077768846
2014-07-21,7.581965277639978,6.826066049926905
2014-07-22,7.207373827406286,6.168425377540084
2014-07-23,7.868707281913473,4.981786534234402
2014-07-25,9.029093037998242,6.473830996253672
2014-07-26,8.525358563841891,6.2793126367846765
2014-07-27,6.36485402174366,6.344974329533871
2014-07-28,5.268641357438035,6.6604690431593605
2014-07-30,7.221718944827806,5.318138934444718
2014-08-01,5.43515329318086,7.025552357904484
2014-08-02,6.788160603296486,6.688222560439899
2014-08-03,6.17168807123643,6.543526106443349
2014-08-04,7.91722810971995,6.676854267616128
2014-08-05,7.787267497104885,6.122228482294528
2014-08-06,5.575532349649974,5.137141336849462
2014-08-08,8.283147679092481,6.745148898428042
2014-08-09,8.190544346898742,6.43143640605661
2014-08-11,6.1150529213526,6.61714100177483
2014-08-12,7.513916536773945,6.108887365696039
2014-08-15,6.737894167393495,6.486929739332579
2014-08-16,6.7500389163235255,6.190761441736167
2014-08-17,6.217288502926295,6.242464301088563
2014-08-19,7.272472000971993,6.162480506567104
2014-08-20,7.517369752231725,5.1221825717081915
2014-08-22,3.1823778018280002,6.4812129770183935
2014-08-23,6.3389897596282765,6.164824739370542
2014-08-24,4.106602459617603,6.164385358652628
2014-08-25,7.2811447536178155,6.432619681183556
2014-08-26,5.9075665004901206,5.911263979292978
2014-08-27,7.635849631033448,4.899967952524268
2014-08-29,6.7254207221036815,6.7620391927418675
2014-08-30,4.8059863254182105,6.744592920604975
2014-08-31,4.538175317163813,6.9022777324451585
2014-09-01,6.153659924268344,7.145478878766215
2014-09-02,8.087993636530191,6.477445254165882
2014-09-03,3.138966441639899,5.302754341501169
2014-09-05,5.6947551843366835,6.993622463828777
2014-09-06,4.618678536012884,6.937073864096785
2014-09-07,8.167600253624705,7.065808266001733
2014-09-08,9.563067493508594,7.317073874920641
2014-09-09,8.305134970164191,6.720063813470582
2014-09-10,7.5263017506289245,5.657290291702366
2014-09-11,4.859424732327354,7.1273484591958125
2014-09-12,8.498144919522463,7.415350979356585
2014-09-13,7.15180516201215,7.2475377595279475
2014-09-14,8.522124213917172,7.240880511698894
2014-09-15,4.901088249364586,7.421143714258783
2014-09-16,3.5424654356584,6.849677197251913
2014-09-17,6.711159934650827,5.862094510925868
2014-09-19,9.142022665371261,7.632531232314054
2014-09-20,8.582412980438136,7.374774181492603
2014-09-21,7.8938153274983405,7.267588172145341
2014-09-22,7.123887105507926,7.357007358651334
2014-09-23,9.27456668813285,6.679675616326329
2014-09-24,5.361104354646802,5.542073830213007
2014-09-25,5.874618322507064,6.885122882396246
2014-09-26,7.300887313091332,7.032494250574445
2014-09-27,6.652140187520964,6.814877466085986
2014-09-28,6.1970386557120865,6.906228923294043
2014-09-29,9.000861778391569,7.258662397937767
2014-09-30,6.896221014367935,6.767547297360687
2014-10-01,1.7422190236679187,5.646916428327889
2014-10-02,6.395501969891619,6.851491695311522
2014-10-03,6.761205803332314,6.799445683031399
2014-10-04,6.592699269065857,6.416793421228044
2014-10-05,5.262171919911683,6.411739080549261
2014-10-06,6.205991078315077,6.7138647467129005
2014-10-07,5.473782135878778,6.192139942476288
2014-10-08,4.999857420924378,5.07084689933396
2014-10-09,5.5228998820565005,6.337790295384402
2014-10-10,7.625783347090539,6.416804065120007
2014-10-11,7.231405665883291,6.183061473581635
2014-10-12,4.086480387165299,6.266937411629607
2014-10-13,7.70218657797082,6.558823999261971
2014-10-14,8.417700758169383,5.966697304221467
2014-10-15,5.336210275482411,4.804364373569626
2014-10-16,5.274649478747834,6.126241448373654
2014-10-17,4.9204771530519915,6.346037299037485
2014-10-18,8.050676595397269,6.265455784614764
2014-10-19,6.464750284339858,6.443571254412143
2014-10-20,7.3146220709390155,6.756796583375164
2014-10-21,7.21347518710691,6.15200404356621
2014-10-22,5.4152467045749395,4.981611541111189
2014-10-24,4.0516110196351995,6.470243432430505
2014-10-25,4.652835908686288,6.299589563502751
2014-10-26,6.106755591442717,6.397968002442026
2014-10-27,3.1493113614822916,6.736304456205202
2014-10-28,7.320912063492288,6.316677320463158
2014-10-29,7.9426507532636395,5.4465622318034335
2014-10-31,8.587283647003991,7.363688202870664
2014-11-01,8.462331432362175,7.1504775735106625
2014-11-02,7.6626417539977245,7.082993113975867
2014-11-03,7.932061678476346,7.237470576517046
2014-11-04,8.809078617386996,6.684702644268566
2014-11-05,7.435770707830587,5.733300850927279
2014-11-06,3.799525974201,7.271440618775715
2014-11-07,7.279416761654172,7.538643569457567
2014-11-08,5.812864058544444,7.312385222512167
2014-11-09,7.362070232018484,7.29580450345069
2014-11-10,7.602678880771175,7.543429811597709
2014-11-11,9.001537006935482,7.055313083098543
2014-11-12,6.962017302329888,6.074339661607312
2014-11-14,6.9428617710921,7.6103051978346405
2014-11-15,7.485391715275085,7.305947324928996
2014-11-16,7.212978968689899,7.311003275322694
2014-11-17,9.35403145472481,7.633324938548913
2014-11-18,8.133838340095702,7.192602574471614
2014-11-19,8.885591191032297,6.1865556761225875
2014-11-20,6.811860928583391,7.521467999767372
2014-11-21,7.131396306534521,7.557244708376586
2014-11-22,7.00696511794939,7.1803933745967825
2014-11-23,7.218382095929016,7.101651406557696
2014-11-24,8.626873443563404,7.29955349696057
2014-11-25,8.393146957820022,6.7163955317038475
2014-11-26,7.442486864546467,5.633408954109228
2014-11-27,5.321350065658609,7.042708892724164
2014-11-28,7.732733031590961,8.07088632888054
2014-11-29,6.4770400529063545,7.7088882027513606
2014-11-30,5.394327301466635,7.382524422105423
2014-12-01,8.63504555800251,7.635422272218292
2014-12-02,7.480320009178162,6.950856718837293
2014-12-03,6.228274289186007,5.703682890150838
2014-12-04,4.875044639789907,6.980429079856419
2014-12-05,7.994511562152043,7.183331307793411
2014-12-06,7.586792378913738,7.080904863008216
2014-12-07,6.308826773661173,7.214616138192829
2014-12-08,6.999531950565567,7.479177821000086
2014-12-09,7.328865363714877,6.862152577698201
2014-12-10,6.353214590913463,5.74335931654033
2014-12-12,8.505000056356943,7.429738364143354
2014-12-13,5.684096640539432,7.287902155697995
2014-12-14,8.941500727414553,7.312744584611446
2014-12-15,7.1431957127732115,7.488567305947261
2014-12-16,8.38826535756452,6.869804259463145
2014-12-17,3.8401832282051016,5.8266104272281645
2014-12-19,8.142575375478177,7.607347440042584
2014-12-20,8.848428884099308,7.400908318006418
2014-12-21,7.567573157893221,7.3224465722188725
2014-12-22,6.684571726867906,7.396265540380891
2014-12-23,6.849180804177418,6.673279083449433
2014-12-24,7.5762008719114355,5.489674213166109
2014-12-26,7.6218877205845486,6.933176214600514
2014-12-27,7.995437383564322,6.648053587690673
2014-12-28,8.225046768565075,6.675620002636769
2014-12-29,7.636798421059611,6.979006790348327
2014-12-30,7.684163521215604,6.481120709104129
2014-12-31,8.56679635834268,5.390721820474558
2015-01-02,7.566878141710255,6.821715690152196
2015-01-03,7.478294954827625,6.087128652392968
2015-01-04,5.581464170198056,5.986842940072199
2015-01-05,5.69127795129546,6.228953098788539
2015-01-06,3.4824086370869787,5.7045289301005
2015-01-09,5.900089116016819,5.942666627131272
2015-01-10,6.926679088858836,5.660256862046489
2015-01-12,6.75181933986073,6.032535608810196
2015-01-13,6.4349926471867525,5.490792018723982
2015-01-17,5.861879642559291,5.754046784258539
2015-01-19,5.7128809576414605,6.339074324864924
2015-01-23,3.799078246412012,6.089151821892304
2015-01-24,2.647592232065096,5.888565646545965
2015-01-26,5.213412859457593,6.2594278235795375
2015-01-27,8.181511202467066,5.773035435412339
2015-01-28,8.366054903111545,4.827194517251419
2015-01-30,7.679084976594892,6.675875696351041
2015-01-31,4.607766811835358,6.457857968431461
2015-02-03,6.202203478263431,5.684243088616405
2015-02-06,7.797103910063409,6.209291559941984
2015-02-07,5.784163586603014,5.921609386479104
2015-02-08,4.868241892467155,5.807356939070899
2015-02-09,6.667658836015265,5.920456689549874
2015-02-10,4.359781025726562,5.299663429151708
2015-02-14,6.985606664384892,5.336255217285169
2015-02-15,7.379869180037231,5.256042947245016
2015-02-16,5.084071612169438,5.498192188470708
2015-02-18,4.6713698267022945,4.057695352026338
2015-02-20,5.761359319460221,5.569173908611039
2015-02-21,7.86022363697488,5.231717360484994
2015-02-22,4.386516539946734,5.178128831010983
2015-02-23,3.657801498543075,5.415722414642277
2015-02-25,3.2910104226273997,3.8953774529479848
2015-02-27,7.056408877505002,5.712526391541329
2015-02-28,6.3140261928163826,5.722203675985169
2015-03-01,7.404385259695583,5.999356187711049
2015-03-02,6.803027896186728,6.42156211359964
2015-03-05,7.585924345543192,6.090993343455388
2015-03-06,7.3500305047838985,6.317529261775726
2015-03-07,6.695230152128536,6.263968449911548
2015-03-08,7.8494392559951285,6.492466890007449
2015-03-09,6.171717298732825,6.87089198906209
2015-03-10,4.521049173322684,6.338509708613602
2015-03-12,3.9515513635615496,6.661560352657671
2015-03-13,7.2340732782483785,6.940761655800362
2015-03-14,6.563714472860972,6.842195102450695
2015-03-15,2.8778492328972742,6.928484958291638
2015-03-16,8.886161659379583,7.141054891136658
2015-03-17,3.908817874479198,6.508615321869986
2015-03-19,8.640107855493964,6.881976577259437
2015-03-20,7.3454900746664045,7.185636942520891
2015-03-21,7.147857417140791,7.039765356051934
2015-03-22,7.8169907811506,7.02565193747783
2015-03-23,6.452525181717018,7.1325139458697935
2015-03-24,6.0257451935848145,6.409532607328143
2015-03-26,8.439095424452038,6.54408723142618
2015-03-27,4.439115601658009,6.692846882267201
2015-03-28,5.498577068473004,6.459395449309621
2015-03-29,7.352492380979985,6.5107401416552815
2015-03-30,6.349530523112853,6.844956628344501
2015-03-31,5.306860767545331,6.416512373529987
2015-04-02,5.70451553923203,6.82180593907691
2015-04-04,7.303572663780185,6.466200354574207
2015-04-05,7.998018813588009,6.3832319771053525
2015-04-06,4.948788258770108,6.648587220717621
2015-04-07,6.811724439565041,6.193262712491704
2015-04-09,6.631991237155629,6.598443931193389
2015-04-10,5.138981600699107,6.711498578282032
2015-04-11,7.19244237095398,6.442044792791758
2015-04-12,3.7314599016490546,6.5002009478811695
2015-04-13,8.068928509666582,6.8392801893938655
2015-04-14,3.5892800888911816,6.351070924182914
2015-04-16,8.333984521253548,6.5779901449206415
2015-04-17,7.917939187185224,6.702622454718097
2015-04-18,7.6048745602944825,6.5247781421449
2015-04-19,5.801997522153156,6.681900514574387
2015-04-20,7.0865088112738865,7.056924663581954
2015-04-21,6.795806441247454,6.528690972992354
2015-04-22,5.036406999053727,5.370274104186096
2015-04-24,3.295466427029913,6.659979207798744
2015-04-25,6.826486653511684,6.375625373174317
2015-04-26,7.6454481524839295,6.383586502308989
2015-04-27,7.908604047532793,6.623826916893246
2015-04-28,8.305326318689797,6.070791638357774
2015-04-29,2.193662685769859,5.053757508205019
2015-04-30,7.360545987245743,6.554471601045168
2015-05-01,6.113549427658219,6.863792912075866
2015-05-02,5.125343979146403,6.7013779899381865
2015-05-03,7.696103542486471,6.654828014213177
2015-05-04,7.023190672192315,6.726230938556085
2015-05-07,5.725615718592755,6.30312468426753
2015-05-08,8.289782549004254,6.582960826386752
2015-05-09,3.908215767085192,6.408885489479806
2015-05-10,5.046272671687388,6.394922903839771
2015-05-11,5.2625243720492225,6.568524745373385
2015-05-12,6.967296961690453,5.986730693618769
2015-05-13,5.478068957139354,4.975507994126739
2015-05-14,8.052678311389304,6.450483358781616
2015-05-15,4.261383262151538,6.668952753397232
2015-05-16,5.548951563524079,6.411776574769191
2015-05-17,4.90873545006741,6.380539032203388
2015-05-18,2.4731713935695794,6.63391257323081
2015-05-20,5.138993327946781,5.266816717645311
2015-05-21,4.2949970757007785,6.7604948880479006
2015-05-22,8.259224731228784,6.936980424910722
2015-05-23,7.1746906186103345,6.624004788713794
2015-05-24,6.41559928797517,6.542952511014517
2015-05-25,7.461880593243054,6.727426471437838
2015-05-26,6.8911827094282305,6.157280973243977
2015-05-28,6.678525745591881,6.508394276507553
2015-05-29,7.094933357095737,6.7441086693789485
2015-05-30,6.525176274660674,6.6443233138992275
2015-05-31,8.55239391213956,6.836653603203231
2015-06-01,6.727668822489492,7.213625274767637
2015-06-04,7.084486237462847,6.670366078011653
2015-06-05,7.3357630479133435,6.7333919769689725
2015-06-07,4.107063334629875,6.655487815888652
2015-06-08,6.988516497695551,6.986151266517373
2015-06-09,6.682253950294093,6.416688837506396
2015-06-11,8.12402140977632,6.574872134676686
2015-06-12,5.167502281417742,6.762252021407375
2015-06-13,7.029882642145486,6.617828143332121
2015-06-14,3.9526273762700863,6.707720551838344
2015-06-15,6.600066398390687,6.937255673862634
2015-06-16,8.144651316586332,6.294012748819257
2015-06-18,7.54119863241407,6.576595726884357
2015-06-19,6.103332344408978,6.878751830320738
2015-06-20,6.722080907782402,6.788569788185301
2015-06-21,4.691127674498962,6.858415410110998
2015-06-22,7.610829522797829,7.032800685051595
2015-06-23,6.730967979894325,6.338273085889404
2015-06-25,6.754697335234615,6.480912993109805
2015-06-26,7.373497340633989,6.6503673506857615
2015-06-28,7.235234340815845,6.494819800769516
2015-06-29,6.072874012650006,6.817745704813898
2015-07-02,7.39811407892226,6.907677446992702
2015-07-03,6.715361567914843,7.015427796581418
2015-07-04,7.0381587848653115,6.62510642748247
2015-07-05,4.809302157045895,6.490025658364874
2015-07-06,7.230427010905537,6.6796680330806915
2015-07-08,3.096482176654134,5.200365724216674
2015-07-09,7.370302427643514,6.618357916539246
2015-07-10,3.7906686000159704,6.740982835362037
2015-07-11,7.571963745006412,6.436040183760926
2015-07-12,7.627333560086173,6.434636601304914
2015-07-13,7.617885429062401,6.734862492581222
2015-07-14,6.759157818119524,6.2538810187672595
2015-07-16,8.016445283128922,6.536228518385492
2015-07-17,6.10720549913014,6.639129634166223
2015-07-18,6.512366236396463,6.4145142516957785
2015-07-19,1.1069110914828046,6.545576606799427
2015-07-20,7.898844715827737,6.948800592042007
2015-07-23,5.343634841238496,6.701709829742304
2015-07-24,6.267105667379946,6.767530476911562
2015-07-25,7.781565975879664,6.487101401130998
2015-07-26,6.877528003362041,6.513646572020247
2015-07-27,3.4330189939851112,6.785793544789495
2015-07-30,6.097629239329142,6.752263813736623
2015-07-31,8.219639083712774,7.095497711388935
2015-08-01,6.92037136049337,7.008751398399589
2015-08-02,7.163542577934749,7.052892542913004
2015-08-05,4.299324142908639,5.246991752459984
2015-08-06,6.206312182269997,6.632531792839607
2015-08-07,6.876477179595929,6.8975140888705955
2015-08-08,6.734712936804109,6.748293264902705
2015-08-09,8.49277590092126,6.756729496732169
2015-08-10,6.748142710158858,6.90932838500022
2015-08-11,5.283772095106001,6.261411426381922
2015-08-13,6.376550061506852,6.611103672813837
2015-08-15,6.21178411473109,6.5685276060652145
2015-08-16,8.125610869931492,6.499529554828228
2015-08-17,5.947094599372042,6.673019963039623
2015-08-21,7.94750888564384,6.894567164739977
2015-08-22,4.214081243824435,6.6067734027528235
2015-08-23,7.092804778222048,6.516227776811588
2015-08-24,8.881249327210828,6.6714925468691515
2015-08-25,5.1903200442357065,6.082513296568967
2015-08-27,6.4629888944755605,6.455313525636541
2015-08-28,8.778371060086776,6.699903015039396
2015-08-29,5.511410582008745,6.6039949276394445
2015-08-31,7.864341915015277,7.275592719887534
2015-09-01,7.770039143320249,6.842647685796084
2015-09-03,7.536842757085881,7.038246025263984
2015-09-04,6.977546231917351,7.116143625314309
2015-09-05,6.84065668364928,6.904869146559339
2015-09-06,6.914387238840185,7.060635997726434
2015-09-07,7.980593929295351,7.470191923847407
2015-09-08,4.506895616719751,7.004271861725536
2015-09-10,7.256103854726253,7.270977100018555
2015-09-11,7.5822954172492345,7.45697711991934
2015-09-12,6.563607258762779,7.323815994420196
2015-09-13,8.145193419855769,7.461705226994871
2015-09-14,8.090531004215748,7.7569668907919915
2015-09-15,7.838678432900604,7.152987828012499
2015-09-16,3.469478889078561,6.003926048004108
2015-09-17,9.352361152558684,7.370127989954699
2015-09-18,8.275203155555648,7.629929089261485
2015-09-19,6.217364296615909,7.540130647235373
2015-09-20,7.515917391836808,7.645641448836377
2015-09-21,8.851242208697265,7.85095656807645
2015-09-22,7.4868957844519395,7.146895048856452
2015-09-24,8.347968060828368,7.169486526016096
2015-09-25,8.017886634390296,7.280929492503882
2015-09-26,8.222358399145675,7.021836087244819
2015-09-27,7.776517410580387,7.02094397647021
2015-09-28,6.9654240070340805,7.26898208694886
2015-10-01,7.0556699840440436,7.244245925366544
2015-10-02,7.146981606340193,7.37592088520032
2015-10-03,5.621190409018255,6.98168660472167
2015-10-04,6.227682257909463,6.7847454004546375
2015-10-05,6.747694502220421,6.871117119726518
2015-10-08,5.407709743319233,6.6788541431537585
2015-10-09,7.666004103346319,6.812933514865699
2015-10-10,7.718327208799336,6.48399130767657
2015-10-11,6.920568339993575,6.420867554559367
2015-10-12,7.779783939383873,6.658717914074172
2015-10-13,5.920666475799266,6.154226964758283
2015-10-15,8.077308673429044,6.481108769118282
2015-10-16,6.7165584532488145,6.575755998193328
2015-10-17,4.36792771029438,6.303066934085123
2015-10-18,5.938838786434021,6.381738818598284
2015-10-19,7.666732334023899,6.773441371184536
2015-10-20,6.580758408951274,6.363543522130638
2015-10-22,2.780556891888958,6.698742122871078
2015-10-23,7.72457743690323,6.784601151860208
2015-10-24,6.724006704482568,6.502309640138856
2015-10-25,7.26291747930098,6.534962668722584
2015-10-26,7.241604793558438,6.834745216361379
2015-10-28,4.658805735154001,5.358645043875676
2015-10-29,5.502237322894487,6.88294699035146
2015-10-30,7.660606186877089,7.26591116748742
2015-10-31,8.074651877055254,7.266043217113891
2015-11-01,8.041447025322196,7.437681257249183
2015-11-02,8.617861897729956,7.691082472823121
2015-11-03,7.938033764644229,7.029433163955837
2015-11-05,6.728477884022298,7.24447375405056
2015-11-06,2.5242074879363168,7.542219020908078
2015-11-07,8.030758671376754,7.477461557199888
2015-11-08,9.409027036914413,7.5948211772746435
2015-11-09,8.438429598659637,7.831859181275545
2015-11-10,8.1712897403776,7.218137722940545
2015-11-11,6.297437074687933,6.136591295938498
2015-11-12,7.029080478207816,7.586285207635632
2015-11-13,8.186485921396036,7.852847131601903
2015-11-14,7.829515028478904,7.663070943520724
2015-11-15,6.555598683344872,7.634515004417297
2015-11-16,8.312217107723585,7.793555881599579
2015-11-17,8.265389329096315,7.202172685735106
2015-11-19,6.948689907158984,7.695569272095302
2015-11-20,7.95932836964446,7.9394596020050265
2015-11-21,8.192729506651457,7.6733000289104
2015-11-22,6.422433320927818,7.562063411270023
2015-11-23,8.146473798577386,7.652289566718544
2015-11-24,7.106412676391914,6.981062915321257
2015-11-25,2.647592232065096,5.855226292974029
2015-11-26,7.303225268567514,7.215970806559381
2015-11-27,8.042629902704883,8.144807395224731
2015-11-28,7.531274743726964,7.671449189373021
2015-11-29,7.923409057598034,7.32681790864595
2015-11-30,7.495206887759221,7.7211252343923515
2015-12-01,8.872290050834332,7.277399126637055
2015-12-03,7.5876373659280505,7.47055897804755
2015-12-04,8.553874914830491,7.478929117432993
2015-12-05,6.800528578639933,7.159395829307416
2015-12-06,8.709877865142591,7.2191263275400175
2015-12-07,7.199900875074557,7.586552312327353
2015-12-08,7.891229032218772,7.129395500416142
2015-12-09,3.555919326857706,6.070612146858417
2015-12-10,8.03313282757037,7.396625035184488
2015-12-11,7.372679781273015,7.52985520715009
2015-12-12,7.279218140689904,7.344059197988335
2015-12-13,6.931848687695473,7.4682202218645495
2015-12-14,6.756122759260048,7.791393805839106
2015-12-15,8.611738715309368,7.220305026285349
2015-12-16,1.7884205679625405,6.067625841626497
2015-12-17,7.559815846680149,7.386782653710213
2015-12-18,6.8419231214577145,7.5906672818005685
2015-12-19,8.719587927139273,7.480364702666538
2015-12-20,7.010730552209648,7.614550449394091
2015-12-21,8.0891020339043,7.86947682528708
2015-12-22,6.161867441320909,7.192107290864323
2015-12-23,5.274639239193459,5.935211478993395
2015-12-24,8.920731911897311,7.148774744687979
2015-12-25,8.34425974805491,8.434490771444468
2015-12-26,6.332366244879953,6.9354445536019425
2015-12-27,8.546644648090627,6.882460246234553
2015-12-28,4.384523514872469,7.078953063469978
2015-12-29,1.9960599327407849,6.510907311950119
2015-12-30,8.087130016248132,5.487736887623754
2015-12-31,7.23153588797001,6.931342307470409
2016-01-02,6.008616605925547,6.999860678585385
2016-01-03,7.64818195942306,6.507872593529532
2016-01-04,6.975619513798267,6.518119912487859
2016-01-05,5.548702474255425,5.829266474445332
2016-01-07,4.437650538421878,6.1757096729761445
2016-01-08,7.528416709336079,6.341926197220564
2016-01-09,6.612102860878812,6.029195818645097
2016-01-10,5.169062530690774,5.9416080827089965
2016-01-11,5.013590921921888,6.134327516501771
2016-01-14,6.00720009149404,6.0126358499575145
2016-01-15,6.555247355228538,6.143518946423417
2016-01-16,4.636843256442957,5.8624729730220295
2016-01-17,6.948465267229924,5.903692450737373
2016-01-21,7.063096107444317,6.351356217375072
2016-01-22,6.822883429751626,6.458947033832373
2016-01-23,7.457782384947264,6.154291637302713
2016-01-24,3.4769230921902907,6.1457804364693995
2016-01-25,6.756597449440548,6.4096720931814355
2016-01-28,3.7057365711803594,6.304818997884557
2016-01-30,8.041836379420852,6.545506821377605
2016-01-31,7.379353885574976,6.694552126168283
2016-02-01,5.093566134787897,6.93695553252684
2016-02-02,9.104733603778467,6.2279508400769545
2016-02-03,6.7655002314012656,4.942750805983033
2016-02-04,5.292641288049801,6.168631021292839
2016-02-05,8.004858429473856,6.30895070795958
2016-02-06,4.89203192205597,6.133701572480156
2016-02-07,6.637444121439121,6.186148030746169
2016-02-08,7.2229134037325196,6.363082542679025
2016-02-09,4.810801285551003,5.65438207853504
2016-02-11,4.261693475213995,5.764740311807881
2016-02-12,7.2204030974516655,5.9481576015836035
2016-02-13,4.995995317356741,5.724319302551231
2016-02-14,6.7321165423199565,5.676182268250578
2016-02-15,6.011443629423295,5.790520455292279
2016-02-16,7.035830061350076,5.124045832551104
2016-02-19,5.975487592584841,5.819795300979688
2016-02-20,2.8619722833744667,5.637751504832391
2016-02-21,7.329832308579244,5.604149122886767
2016-02-22,6.891798646357875,5.743436811014336
2016-02-23,4.070325056377881,5.106234296765567
2016-02-25,3.8653505972297153,5.462089531045291
2016-02-27,5.5008172970301175,5.606457233919768
2016-02-28,3.6238074573702215,5.802333882054913
2016-02-29,4.719427011867917,6.284196436458666
2016-03-01,8.746208430582326,5.972201301588354
2016-03-03,8.890881661034552,6.4949094098737605
2016-03-04,5.7571652512213145,6.611286913814448
2016-03-05,5.095858406426659,6.336732167192121
2016-03-06,6.69987342326688,6.414912818184677
2016-03-07,3.094309836914985,6.825397126520823
2016-03-08,7.692482965478963,6.456788886458157
2016-03-09,6.456141514847992,5.505399038797238
2016-03-10,8.972176325722115,6.909555537235717
2016-03-11,6.799080387956473,7.066999755000584
2016-03-12,7.435816709164634,6.871987837872047
2016-03-13,9.090191264377939,6.998072715427181
2016-03-14,6.507826815331734,7.359762923759972
2016-03-15,7.7654876528457395,6.846187996115079
2016-03-17,7.766981992560944,7.0307167281314245
2016-03-18,6.968551180247057,7.1873581383197935
2016-03-19,4.939354092091292,7.045296181036934
2016-03-20,6.834443451359697,7.198192283526618
2016-03-21,6.471891786281782,7.5157735746811545
2016-03-22,5.427009569156893,6.905728076038791
2016-03-24,6.615762595849935,6.9035811446851945
2016-03-25,7.206355036031724,6.9655529925483375
2016-03-26,6.526854970418556,6.69027760495815
2016-03-27,4.540098189244376,6.693877587876211
2016-03-28,4.838660029356445,6.929387678502176
2016-03-29,7.886208837264521,6.390077741114072
2016-03-30,2.5128460184772416,5.40225142409151
2016-03-31,6.464217518446705,6.919198403212868
2016-04-01,7.6790109902083525,7.204622519399414
2016-04-02,7.28337954507928,6.983779423235845
2016-04-03,6.0917577455727745,6.885532834911427
2016-04-04,6.878526242361933,6.956357097534602
2016-04-05,6.954003166684491,6.283810358660864
2016-04-06,7.166844957069816,5.227456545462342
2016-04-07,7.5865874874851915,6.717140245507158
2016-04-08,7.9750158657909616,6.989348869845436
2016-04-09,7.017682650660343,6.778888387896399
2016-04-10,6.858138473238685,6.747141557809034
2016-04-12,7.341827280099298,6.411419885429173
2016-04-13,1.9629077254238845,5.425561650462879
2016-04-14,7.291364613531068,6.8790010833659245
2016-04-15,7.697509979255128,7.0474957204439335
2016-04-16,9.141642385577779,6.75580872158101
2016-04-17,6.045206715554312,6.7325274956459396
2016-04-18,7.830241976157962,7.019991047743179
2016-04-19,7.254978091945531,6.582070100073926
2016-04-21,5.60806421159723,7.041953098480974
2016-04-22,7.476735653412993,7.13341770769497
2016-04-23,6.5811494092931815,6.76907669487465
2016-04-24,7.382808636859979,6.673692654184314
2016-04-25,4.69519368863568,6.855217373485295
2016-04-26,6.076829986952601,6.269213549946674
2016-04-28,6.189643048724202,6.573012854225833
2016-04-30,4.96429811888789,6.709901905396857
2016-05-01,6.251645661004753,6.874114677261514
2016-05-02,7.002279695609965,7.180454803592414
2016-05-03,7.003077276898446,6.542838076815269
2016-05-05,7.901851140094249,6.5055228525398245
2016-05-06,5.472102592319705,6.624955859470112
2016-05-07,8.484045011057521,6.471119434930857
2016-05-08,7.201352820495947,6.607686986544724
2016-05-09,7.158134158662782,6.903816023183245
2016-05-10,6.638593966834353,6.299811509964075
2016-05-11,1.943048916774281,5.151385556150846
2016-05-12,6.8242410525541235,6.514445705517014
2016-05-14,6.124530206295522,6.634994930628334
2016-05-15,6.476836969108974,6.709050238037551
2016-05-16,6.781579623610391,6.920576963104606
2016-05-17,5.85197831672078,6.297490772571605
2016-05-18,4.813971375586425,5.226782814045581
2016-05-19,7.367082113563757,6.716630753967049
2016-05-20,7.813152086959199,7.054288419348692
2016-05-21,7.908098146941763,6.948027497679882
2016-05-22,7.495653048822985,6.977721340474904
2016-05-23,9.265015850325872,7.131158122009501
2016-05-24,5.630336847206353,6.456114792633938
2016-05-25,7.180047025603077,5.314567549003245
2016-05-26,7.589010024023919,6.6853492182481284
2016-05-27,8.576608234928875,6.878465624696024
2016-05-28,7.667777623602031,6.686016242311018
2016-05-29,6.969964526968025,6.774182761085644
2016-05-30,8.99857904665589,7.140391941458305
2016-05-31,6.086454221010323,6.738647152143406
2016-06-02,5.067922588519634,7.180538435584385
2016-06-03,4.277887594932736,7.234786181043592
2016-06-04,7.748254221878357,6.8393896703924915
2016-06-05,6.493481488092577,6.7560572707101745
2016-06-06,8.70405641919146,7.016644401217374
2016-06-07,3.961993425202786,6.552777160252497
2016-06-09,7.432171333066435,6.9324370786616365
2016-06-10,7.253750598197564,7.030062691861457
2016-06-11,7.392903645554326,6.7444511352203165
2016-06-12,7.994147539648801,6.786482878483795
2016-06-13,6.0671238153794365,7.110184361667151
2016-06-14,8.148474295098898,6.607987690873545
2016-06-15,5.161855971369551,5.5135100221528806
2016-06-16,4.9990686577247905,6.813227197762703
2016-06-17,8.007007362937586,6.930965054455417
2016-06-18,6.2969951329360265,6.749195614314386
2016-06-19,2.8970163006148333,6.905466378225334
2016-06-20,7.115214877603414,7.282697823199805
2016-06-21,6.359760702428937,6.7596024597413935
2016-06-23,7.81443759754266,6.856446855645118
2016-06-24,8.577714654970865,6.921126002079131
2016-06-25,6.796003270067407,6.6504700190857235
2016-06-26,7.560392916203872,6.673137428034717
2016-06-27,6.658916925553356,6.92856607420384
2016-06-28,6.7778242543900955,6.3906709185765
2016-06-29,5.262068233872916,5.388213963791593
2016-06-30,7.2107815251685174,6.902460378119094
2016-07-01,7.453200276727722,7.223836237860953
2016-07-02,6.651295349572371,7.071628063728168
2016-07-03,6.743705766975631,7.033141235655167
2016-07-04,7.409924140873732,7.110250584982191
2016-07-07,8.264422818047189,6.689321731448931
2016-07-08,7.869979527261403,6.965078908903671
2016-07-09,6.353127530070068,6.784816998891448
2016-07-10,6.79893879835092,6.762844368475648
2016-07-12,4.572233685741827,6.33456281196313
2016-07-14,7.673669533092963,6.775462178165099
2016-07-15,5.943324171780047,6.982506609787085
2016-07-16,6.81472948797377,6.714436956833725
2016-07-17,7.689773772444715,6.673193925284886
2016-07-18,7.970000219775624,6.917757063662049
2016-07-19,7.337883080533913,6.457618476470614
2016-07-20,4.5103099049641315,5.537540285792124
2016-07-21,6.899818868828622,7.027183288628437
2016-07-22,7.221870886762904,7.201369052435967
2016-07-23,6.48553101750895,6.887766469103826
2016-07-24,5.792903846262941,6.807618379465669
2016-07-25,8.686343047645945,6.994312014452893
2016-07-28,7.617943433845354,6.786750418692391
2016-07-29,6.7094921275032195,7.0266401354269385
2016-07-30,7.479737712339289,6.930517728269539
2016-07-31,7.684856584562521,7.1255818907913815
2016-08-01,7.026114148814194,7.50396262804069
2016-08-02,6.181225032998935,6.952937394833481
2016-08-03,5.520740658537763,5.753550429565017
2016-08-04,6.212425718763125,6.953680268806939
2016-08-05,5.288519524067926,7.009836056628689
2016-08-06,5.772649115954235,6.79379288714895
2016-08-07,5.19833127167211,6.910871477518765
2016-08-08,7.017688921935083,7.227506990609849
2016-08-09,6.495800156215228,6.641964259657536
2016-08-11,5.02926075821942,6.763272180027273
2016-08-12,8.282220070835933,6.93080938261943
2016-08-13,6.596496104859597,6.766375220334061
2016-08-14,6.8294563833176,6.8367471638813075
2016-08-15,7.42730236003349,7.047954138821242
2016-08-16,5.325640662196927,6.388304487148095
2016-08-17,2.8161270242542646,5.239732872043731
2016-08-18,6.208819376051462,6.646767619659222
2016-08-19,6.108785253684522,6.942619323938155
2016-08-20,2.7587433154177283,6.850830108201987
2016-08-21,8.476223686016787,6.924321683929292
2016-08-22,6.007214857199214,7.108068359848301
2016-08-23,8.34006166309414,6.428970143808149
2016-08-26,8.491936509768824,6.825372310792055
2016-08-27,6.644975228087448,6.654780170999317
2016-08-28,5.777729100460967,6.756869142047404
2016-08-29,6.450767376469097,7.131556023895153
2016-08-30,7.41328892490105,6.76052222190159
2016-08-31,3.2175950049684783,5.890760068759512
2016-09-01,8.659933650126062,7.4019804351947665
2016-09-02,8.823676360387877,7.575470329833505
2016-09-03,7.769207914760574,7.252037001287068
2016-09-04,8.419148516285086,7.18391600715
2016-09-05,8.561659353883392,7.439482257980952
2016-09-06,7.181239030634026,7.001305875907263
2016-09-08,8.410717298400733,7.558691431538591
2016-09-09,4.454254268670763,7.732240382708073
2016-09-10,7.647463474336498,7.472018698668068
2016-09-11,8.779955222917778,7.508332277051096
2016-09-12,7.623051351812495,7.838593713431662
2016-09-13,7.773060037661798,7.379425791920559
2016-09-14,7.037324582889139,6.345541873326558
2016-09-15,7.6507311318942195,7.679324729373736
2016-09-16,6.05651699866069,7.7776550609237365
2016-09-17,7.622725593259308,7.539634700653355
2016-09-18,8.466338116785856,7.648704971144726
2016-09-19,8.25330889228117,8.021749550558521
2016-09-20,7.117208747279115,7.530086131151602
2016-09-22,6.42417186035988,7.641062971666768
2016-09-23,7.187766757504694,7.6506107603899505
2016-09-24,7.735018056486026,7.309578303709925
2016-09-25,8.144415287962774,7.272212893721941
2016-09-26,7.900698300629919,7.478202254027215
2016-09-27,7.597890829132334,6.882654959651643
2016-09-28,4.606529262025722,5.804641804570565
2016-09-29,7.176859853360364,7.243421811776651
2016-09-30,6.266980410460761,7.522103324912759
2016-10-01,6.662384012221049,7.373675886099504
2016-10-02,9.823034910851124,7.359860907700661
2016-10-03,7.427558086980356,7.434072153664229
2016-10-04,8.685040838048876,6.645847784918284
2016-10-06,6.723111026818537,6.758521309550202
2016-10-07,6.882142042747835,6.993379479615264
2016-10-08,6.332455132030662,6.820624888037572
2016-10-09,6.30612929088965,6.812176193513733
2016-10-10,5.648104141426947,6.954480895959986
2016-10-11,3.5282411081511236,6.302692167074457
2016-10-13,7.409510692475191,6.662734500154888
2016-10-14,8.11279391510751,6.891423740601355
2016-10-15,7.390891052926464,6.651821755501617
2016-10-16,4.964116548301827,6.605334142126203
2016-10-17,7.991032585548404,6.804983618933396
2016-10-18,5.733082343701064,6.295763732345599
2016-10-20,6.853482814428677,6.904782225155587
2016-10-21,8.981253192245473,7.154545364161997
2016-10-22,5.243227400230077,6.901282950702131
2016-10-23,6.149369599023656,6.844998008810799
2016-10-24,7.22000654177393,7.033660997647147
2016-10-25,6.665632761070125,6.476666425658617
2016-10-27,6.887338262987868,6.907231442020749
2016-10-28,7.972473257327657,7.176753942031056
2016-10-29,4.883967909226341,7.102678650495391
2016-10-30,5.075186315155703,7.340127438878294
2016-10-31,8.229910772425706,7.80761214192387
2016-11-01,6.118920647460053,7.385816243714783
2016-11-03,8.243754794467009,7.592280567102291
2016-11-04,8.266117648885572,7.669932839190818
2016-11-05,8.35887690080032,7.454760079814664
2016-11-06,6.6519025682582225,7.603154003810825
2016-11-07,8.245768646283368,8.002101872084573
2016-11-08,6.9026422295953145,7.5226372991812855
2016-11-09,6.175804898098298,6.4307198422190766
2016-11-10,8.460512357634423,7.754919046693087
2016-11-11,8.506192100708239,7.920907848928905
2016-11-12,8.500237858726818,7.766526535582226
2016-11-13,7.988250439102657,7.882531391115528
2016-11-14,7.928428368273291,8.155823607797554
2016-11-15,7.671695443187856,7.530396490183913
2016-11-16,3.6301904577652566,6.361033859544858
2016-11-17,4.9676164438100265,7.7087183011604585
2016-11-18,8.283982132383919,7.9524217040083744
2016-11-19,6.460627197830388,7.849571141763445
2016-11-20,8.029866948297249,7.945678631694026
2016-11-21,7.071480830219019,8.145807348402935
2016-11-22,5.762189737988527,7.441296163689311
2016-11-23,4.6212010030606185,6.20701254049905
2016-11-24,8.763355838699539,7.478955652173565
2016-11-25,8.984637423196721,8.364266904750682
2016-11-26,9.027707926861462,7.84175353008497
2016-11-27,7.409886616740263,7.397273892230526
2016-11-28,8.140132433017888,7.67982064881568
2016-11-29,5.709075110583063,7.217546027471569
2016-11-30,6.878472698587825,6.290585868391789
2016-12-01,8.904691865393259,7.79278669443867
2016-12-02,8.452252669487175,7.980235849106724
2016-12-03,8.56994046825881,7.645596369869152
2016-12-04,6.8514875272084765,7.511192750100477
2016-12-05,8.569406822164327,7.662038343674406
2016-12-06,8.263403817267614,7.131545033203664
2016-12-08,8.457463356658435,7.663090533962553
2016-12-09,7.5264391165593185,7.857232979692492
2016-12-10,8.149229049312794,7.583855434136599
2016-12-11,8.716576695166108,7.57037950931455
2016-12-12,7.591919735406509,7.850560142273548
2016-12-13,7.085975101821671,7.379728693959428
2016-12-14,6.721008746407366,6.375285805884259
2016-12-15,7.877809312263394,7.742924557230249
2016-12-16,6.444992570877492,7.838030656195908
2016-12-17,9.408054026973158,7.55279610562917
2016-12-18,8.861116173596434,7.605247549187014
2016-12-19,6.704551600447475,7.95659901158132
2016-12-20,4.909266799707967,7.491997791318789
2016-12-22,6.950937366291146,7.6751006630153
2016-12-23,8.848919469485756,7.6644029259755975
2016-12-24,7.5700617359904046,7.272877055159295
2016-12-25,9.258087611536377,8.40739545448469
2016-12-26,7.51229963505321,7.371193676888638
2016-12-27,6.86744357091027,6.721565759358567
2016-12-29,7.153583574809528,6.962577973601262
2016-12-30,6.652571373922811,7.190359819735605
2016-12-31,6.59682914428417,7.034342296389006
2017-01-01,7.301706354292249,7.22431543567232
2017-01-02,7.64038948338537,7.427106024497484
2017-01-03,7.635918190289675,6.345332183431601
2017-01-06,3.5478917608129588,6.47374632765787
2017-01-07,8.130527266145744,6.304558765321165
2017-01-08,6.795683403558618,6.331718631034833
2017-01-09,5.618554960182775,6.493812873984721
2017-01-12,6.74467148409559,6.120455636367249
2017-01-13,8.438221410096315,6.376925696306405
2017-01-14,6.963225936028186,6.192527655629441
2017-01-15,7.669159060048065,6.183849223058049
2017-01-16,8.737338973908095,6.375985248856014
2017-01-19,7.60823302517136,6.439726294070898
2017-01-20,6.644880284114076,6.751639364526291
2017-01-21,7.842923896985637,6.556830652835481
2017-01-22,8.346018556205818,6.517917851356941
2017-01-23,6.112207641907895,6.679084982217534
2017-01-24,6.039459156812624,6.07511734863116
2017-01-26,8.024953769125926,6.424922670519257
2017-01-27,5.807884198367779,6.639908626161452
2017-01-28,6.916239188630447,6.484838151469234
2017-01-29,5.689825528026996,6.632367909196866
2017-01-30,8.229600448307805,7.033519277710873
2017-02-02,6.818217805003478,6.720303682352748
2017-02-03,6.827983451283973,6.680928206652406
2017-02-04,3.516607233172983,6.301617779096756
2017-02-05,7.724893739662384,6.290930351932112
2017-02-06,6.8083260274377055,6.579018675093392
2017-02-09,6.652558466849864,6.11887771891226
2017-02-10,5.4297972813301145,6.159430342458536
2017-02-11,7.124893635151454,5.884028371604802
2017-02-13,6.965486306625283,6.172038031639359
2017-02-16,7.199261529933387,5.615458716321237
2017-02-17,7.994907956406219,5.800431295259521
2017-02-18,5.66409178441432,5.689805278919932
2017-02-19,7.182040513191456,5.843345275225547
2017-02-20,7.048638331808491,6.137985663812326
2017-02-21,3.8898591927264246,5.520944229600463
2017-02-23,4.777441406928545,5.658935164154793
2017-02-24,7.279095362170472,5.8412625602443145
2017-02-25,6.06724897037479,5.6836736673860715
2017-02-26,7.954599072653471,5.800639957007741
2017-02-28,2.924236271848921,5.770638061243747
2017-03-02,7.2800950857784725,6.564929680245961
2017-03-03,7.601454307246125,6.918577203623408
2017-03-04,5.437305096254418,6.742118299486225
2017-03-05,7.1236889011102,6.711567489086268
2017-03-06,6.658313952493114,6.902391362810362
2017-03-07,5.121520520396782,6.3846778548824545
2017-03-08,6.738270970989674,5.466414613760627
2017-03-09,6.567802592616358,7.035247200771428
2017-03-10,7.134055442948302,7.3302709911625215
2017-03-11,7.588175818303348,7.128644733315229
2017-03-12,5.870087560941382,7.133302151698428
2017-03-13,8.47477617552544,7.398676429312053
2017-03-14,3.924267731844583,6.92482920667615
2017-03-16,7.608563538392913,7.3766548406126144
2017-03-17,6.298482226053997,7.503232136987342
2017-03-18,6.936107528388747,7.201078587567453
2017-03-19,7.681213438919855,7.206107373917268
2017-03-20,6.803025675368556,7.5265580753175385
2017-03-21,8.111818879186002,7.082516611965454
2017-03-23,9.603535038521278,7.401927775869985
2017-03-24,7.137515293150581,7.43226417260552
2017-03-25,8.179767780668866,7.0498905123103475
2017-03-26,8.087603409409986,6.965773443045198
2017-03-27,7.9842978123604205,7.1586172421758345
2017-03-28,7.317014513613962,6.570825312635231
2017-03-29,4.411585436915426,5.483675114336803
2017-03-30,6.488303309180731,6.889269767578822
2017-03-31,8.513588863623871,7.156463023316901
2017-04-01,8.695169990069653,7.077121747242117
2017-04-02,6.714134121479702,7.219876145594744
2017-04-03,3.5123809106227704,7.469887588782872
2017-04-04,6.696379712517428,6.782258879624011
2017-04-06,4.7485776492828204,6.804562015570826
2017-04-07,7.586950836686404,7.003020467464019
2017-04-08,8.764510977083594,6.895523648254587
2017-04-09,7.394929398016843,7.02354306455287
2017-04-10,6.628740866928562,7.281863695991047
2017-04-11,5.770836579059351,6.658193771558053
2017-04-12,4.257879641930999,5.532574257781828
2017-04-13,7.205504507145965,6.940407354798028
2017-04-14,6.483000312089546,7.206024372199336
2017-04-15,5.809156990216028,7.058897188072587
2017-04-16,6.851638792735298,7.079874760114532
2017-04-17,8.14103219292403,7.253801554996763
2017-04-20,7.617877563748044,7.098427737260787
2017-04-21,7.135340153005313,7.396246604494099
2017-04-22,6.855084193771309,7.206343431743551
2017-04-23,7.090261818665702,7.149645130034131
2017-04-24,6.834709204354076,7.25081806778011
2017-04-25,6.520787534919881,6.561037627710265
2017-04-26,4.1368930654680565,5.416635566822963
2017-04-27,6.35883934291901,6.772146242026628
2017-04-28,6.679970976018333,6.938585686428973
2017-04-29,6.960594377997856,6.7280615257873055
2017-04-30,7.237868770135995,6.8175655056251845
2017-05-01,8.321025011069452,7.187545949593684
2017-05-02,5.991739509302413,6.760219947779222
2017-05-03,7.2351478484696425,5.743534107712756
2017-05-04,7.237350350592119,7.050290547798901
2017-05-05,5.226407745479684,7.053461797254089
2017-05-06,8.066009683436253,6.67035825947628
2017-05-07,7.844032150724774,6.646405951624214
2017-05-08,8.205096561046634,6.9627429056629735
2017-05-09,6.983995690156484,6.509322338962472
2017-05-11,6.110289262250076,6.824619548882419
2017-05-12,6.878721858703316,6.930809197292597
2017-05-13,8.028578403993006,6.696667087256518
2017-05-14,8.338798793230515,6.795752086658572
2017-05-15,6.045630710851711,7.142311262614289
2017-05-16,5.4027854841371274,6.624961554407261
2017-05-18,7.512894950213697,6.832841405801035
2017-05-19,8.50110080067209,7.014551802718447
2017-05-20,8.005893455276736,6.904867515205308
2017-05-21,6.289752675971987,7.096102445897278
2017-05-22,5.821749197144829,7.456575991518439
2017-05-23,5.490737758019406,6.892546625870596
2017-05-25,6.787874294168596,6.9861994806951495
2017-05-26,5.603004037815642,7.095314084122392
2017-05-27,7.642959531040669,6.865085669638061
2017-05-28,7.3005423594524474,6.910610411647018
2017-05-29,6.539742012804275,7.184055301297987
2017-05-30,6.603795304086752,6.677996157140395
2017-06-01,8.52899566737536,7.25771067281457
2017-06-02,4.917832634500414,7.560016995734633
2017-06-03,7.990589072661824,7.350442465423301
2017-06-04,5.636267082587364,7.258060816401885
2017-06-05,6.19870633286216,7.329708721389763
2017-06-06,3.4766140209469096,6.653439542214972
2017-06-08,7.708876656557025,7.0681946409901055
2017-06-09,6.846021354617076,7.326993283370462
2017-06-10,7.8297668158022855,7.101408557407519
2017-06-11,7.366378142290078,7.0536132830436395
2017-06-12,7.427125096939499,7.23610037548559
2017-06-13,7.053601284548892,6.686061889034515
2017-06-15,8.308571190162715,7.126678082822378
2017-06-16,7.910294897223817,7.284896601265805
2017-06-17,8.268134730811305,6.98560324215838
2017-06-18,6.939404612985248,6.957640079760302
2017-06-19,7.657727401119669,7.243480438984889
2017-06-20,6.936564285634104,6.807009754209431
2017-06-21,6.391340732911922,5.859470188340963
2017-06-22,6.363060861624603,7.278505768814262
2017-06-24,7.161322501149637,7.027016346652833
2017-06-25,7.319435698629598,6.944998044690705
2017-06-26,8.348806728622321,7.141025731069295
2017-06-27,7.4060462714653355,6.570139531566977
2017-06-29,8.41692882386463,6.9039048260079
2017-06-30,8.460194600098106,7.152892261319386
2017-07-01,6.462764211137693,7.06709152090293
2017-07-02,5.136927211509309,7.242003789162354
2017-07-03,8.848567311841828,7.556966288748707
2017-07-05,6.168258354004618,5.678307858859568
2017-07-06,5.943791009279248,6.893532382824162
2017-07-07,7.390952735630654,7.01181629691938
2017-07-08,7.591490303846681,6.854464499742769
2017-07-09,7.421903775885193,6.985348199250625
2017-07-10,5.8866982992824886,7.273893150438894
2017-07-11,7.455814257797467,6.660731466000422
2017-07-12,1.57194370800652,5.50194783763593
2017-07-13,6.2256311210624835,6.853852930085307
2017-07-14,8.18867079094281,7.0854321560153695
2017-07-15,7.665392073233704,6.951369985900373
2017-07-16,5.760906073075285,7.014363877644855
2017-07-17,7.692967835204243,7.215632184343784
2017-07-18,7.653397181925902,6.58341118342036
2017-07-20,7.73377463493066,6.988633817626164
2017-07-21,8.212553209618662,7.321822216325641
2017-07-22,6.323128815379645,7.212830376289957
2017-07-23,6.801492133854649,7.241489324188105
2017-07-24,7.783623936357364,7.3954649532579095
2017-07-25,6.6842891756536185,6.722336414215121
2017-07-26,7.60753143922574,5.583813863650735
2017-07-27,7.042006412531008,6.958405737044702
2017-07-28,7.066094887270836,7.155747298142491
2017-07-29,7.23870802548988,6.967535374433847
2017-07-30,6.262208984251833,7.059532449356821
2017-07-31,7.351817829127411,7.428745978005264
2017-08-01,7.643315188173689,7.028776780591019
2017-08-03,6.277297410826724,7.469106001101424
2017-08-04,3.0478502278160975,7.519440865830368
2017-08-05,6.223916639213754,7.117779926089919
2017-08-06,7.261945338150337,7.025740893949175
2017-08-07,8.15496686703917,7.275184471468641
2017-08-10,7.508825547090874,7.144504183753493
2017-08-11,6.5648789800578555,7.223325793847241
2017-08-12,8.214487900078339,6.918009282275222
2017-08-13,7.880110226279435,6.940013149889616
2017-08-14,6.09071241856404,7.244007312118055
2017-08-15,7.576031731090023,6.723116769821391
2017-08-16,4.401387988152502,5.611682948248489
2017-08-17,9.160970279680937,6.896917759605292
2017-08-18,8.864956302675859,7.003374350118697
2017-08-19,6.241144863176721,6.8142223181944335
2017-08-20,6.542399911801849,6.967656217647304
2017-08-21,9.053926766997387,7.347173041972599
2017-08-22,6.2644263054030525,6.831972623918745
2017-08-23,8.431928070651491,5.695278931837703
2017-08-24,6.530959257047183,6.9628407777439305
2017-08-25,5.8943697758671885,7.054039005704175
2017-08-26,5.255722968915616,6.816272328526299
2017-08-27,8.730938800082818,6.878043202485834
2017-08-28,7.275609896832019,7.17848706621231
2017-08-29,5.465812892223319,6.691072586027035
2017-08-31,8.05953859798768,7.317755566947445
2017-09-01,7.14109467556284,7.702005123646356
2017-09-02,9.143757522622927,7.615086943375586
2017-09-03,7.375787591459128,7.643300259584597
2017-09-04,8.586943482655082,7.787454487045628
2017-09-05,5.793147745728791,7.126128361518651
2017-09-07,8.25571543388533,7.5586663497736035
2017-09-08,7.6895207530828085,7.89181630631999
2017-09-09,8.379553026478469,7.763891285630149
2017-09-10,7.82709974346509,7.788269899999263
2017-09-11,8.62425334187618,7.991914788409604
2017-09-12,6.199595978301688,7.431537270235187
2017-09-13,2.8284963541780774,6.432936975319967
2017-09-14,8.382139955661382,7.911729974982178
2017-09-15,8.893713546049652,8.125351256987607
2017-09-16,6.746000763128147,7.85493943044607
2017-09-17,8.513230550515093,7.802482934782233
2017-09-18,7.321803447020775,8.027169110430375
2017-09-19,7.408038324551119,7.5388524483689885
2017-09-20,8.90393993220587,6.582803255042535
2017-09-21,5.826507353340732,8.02932444417044
2017-09-22,8.97109449629286,8.153999033466393
2017-09-23,7.781883952184345,7.785359763612313
2017-09-24,8.772062050771478,7.645596898051918
2017-09-25,7.253621114423716,7.769108432691489
2017-09-26,7.304903228551585,7.1365199947095785
2017-09-28,6.328420595244955,7.361208386732363
2017-09-29,7.573058386312084,7.534276972453681
2017-09-30,6.294823098944771,7.37302742144652
2017-10-01,7.999499368811302,7.505609245337849
2017-10-02,8.597670635347502,7.825027457281243
2017-10-03,7.826235611929285,7.219344493442589
2017-10-04,3.043569602968151,5.970287726523084
2017-10-05,8.807713631887665,7.126307726187762
2017-10-06,7.313654959316779,7.144367978503824
2017-10-07,7.919432551381426,6.896576330498456
2017-10-08,6.412402661778842,6.988463416181809
2017-10-09,7.311611760610882,7.286552778733073
2017-10-10,5.482129478579053,6.689079778625493
2017-10-12,8.636992681549977,6.805704694658802
2017-10-13,9.036796419055879,6.979902944625513
2017-10-14,4.907731018668341,6.827593405247646
2017-10-15,6.926518150233022,6.915056561766154
2017-10-16,8.153233780050689,7.147764396769769
2017-10-17,4.846954906052835,6.513421130024818
2017-10-19,7.931238120121992,6.831338111338806
2017-10-20,7.196580198135776,7.160007521570673
2017-10-21,8.420285956998827,7.1022057703616595
2017-10-22,9.626407545706984,7.210199806856888
2017-10-23,8.117728246273265,7.428331750812771
2017-10-24,6.273037371045584,6.782900739604553
2017-10-26,6.908622902487986,7.038363561423369
2017-10-27,6.991471232021969,7.270610495985796
2017-10-28,6.0154886436083315,7.125676377707749
2017-10-29,3.8703673301593136,7.250401284544643
2017-10-30,8.300709911173826,7.644412978194339
2017-10-31,6.263261110329539,7.2891673939907875
2017-11-01,7.980170740963559,6.431496157619466
2017-11-02,8.747572263105296,7.95101479897556
2017-11-03,8.420227782475681,8.128980442468912
2017-11-04,9.27510661718266,7.806235550223341
2017-11-05,7.764747709088432,7.7351152269368635
2017-11-06,8.36398373516573,7.984157116612675
2017-11-07,7.789196975977371,7.536155729774812
2017-11-08,5.953503040820864,6.606486803416006
2017-11-09,8.466424391036602,8.065183082651373
2017-11-10,8.296184359965384,8.220936099907952
2017-11-11,7.504511596009391,7.9410859498372455
2017-11-12,7.976727955477001,7.956431990540409
2017-11-13,8.800026557868884,8.264922033687634
2017-11-14,6.728219438475096,7.7837500156513215
2017-11-15,6.328293862826008,6.728229633550161
2017-11-16,8.467211457609594,8.041365438828525
2017-11-17,9.52485054110192,8.120672595927218
2017-11-18,7.293531833287494,7.865890308069509
2017-11-19,8.909001738410222,7.961089420274526
2017-11-20,8.002785827537217,8.323763632648541
2017-11-21,7.71297321112497,7.825808735044191
2017-11-22,3.6031036770925327,6.700634353238885
2017-11-23,7.05108389668033,7.938513532416337
2017-11-24,8.509290245239963,8.714631875692248
2017-11-25,8.20717198144443,8.102623916459404
2017-11-26,8.526979548430392,7.613996892607144
2017-11-27,7.389720828339426,7.846854653510989
2017-11-28,8.841295520940525,7.284301374236992
2017-11-29,6.200281967705902,6.245266947511963
2017-11-30,8.801812879552115,7.728732617600017
2017-12-01,8.581515064087224,8.057387358286856
2017-12-02,9.205547102593092,7.963657722814311
2017-12-03,7.247680119928236,8.008559454097757
2017-12-04,7.8787758336103435,8.144662095543872
2017-12-05,7.282167188794985,7.420528513798344
2017-12-06,2.4578779774000807,6.249391883472368
2017-12-07,7.978487162778161,7.663494094572813
2017-12-08,8.941681669029714,7.962062738020038
2017-12-09,8.60728797648022,7.850274860028324
2017-12-10,8.262187128859388,7.898648459540085
2017-12-11,7.946251254123261,8.092212709045187
2017-12-13,6.366360476049035,6.438223830413696
2017-12-14,8.268402034150622,7.907019654492133
2017-12-15,5.729736080478204,8.151190040981774
2017-12-16,6.75658581757062,7.915170180341311
2017-12-17,7.6151790621358755,7.859458956060405
2017-12-18,8.201635786891494,8.036358204665573
2017-12-19,7.547989960212627,7.4903500999133
2017-12-20,5.936839392444035,6.5110942799014895
2017-12-21,7.669467239410891,7.982796939530423
2017-12-22,8.915032093798898,8.152961278809816
2017-12-23,7.564122285848159,7.806448521028422
2017-12-24,8.737782122464935,7.644008368609549
2017-12-25,7.9009800145898765,8.93732574986351
2017-12-26,6.7039166821259135,7.0467866926623675
2017-12-27,5.1853502158795095,5.8688514992831
2017-12-28,7.413578893532432,7.176241404668705
2017-12-29,7.978151203934758,7.294777724962213
2017-12-30,6.571988793260161,7.066098007119169
